smiles,logCMC
CCCCCCCCCOC1OC(CO)C(O)C(O)C1N,0.82314806
CCCCCCCCCCON(CCOCCOCCOC)CCOCCOCCOC,0.699837726
CCCCCC(=O)OCC(O)C(O)C(O)CO,1.782114148
CCCCCCC(=O)OCC(O)C(O)C(O)CO,1.0
CCCCCCCCc1ccc(OCCO)cc1,-1.305394801
CCCC(=O)OC[C@H](O)[C@@H](O)[C@H](O)CO,2.079181246
CCCCCCCCCCCC(O)N(CCOCCOC)CCOCCOC,-0.400116928
CCCCCCCCO[C@@H]1O[C@H](CO)[C@@H](O)[C@H](O)[C@H]1O,1.301029996
CCCCCCCCCCCCCCCC(=O)O[C@H]1[C@H](O)[C@@H](CO)OC(O)[C@@H]1O,-0.853871964
CCCCCCCC(=O)OCC(OCCOCCOCCOCCOCCOCCO)C1OCC(OCCOCCOCCOCCOCCO)C1OCCOCCOCCOCCO,-0.286509457
CCCCCCCCCCCC(=O)NC1CCOC1=O,-2.397940009
CCCCCCCC(CCCCCC)SCCC(=O)OCC1(O)C(O)C(O)C(O)C1O,-2.200659451
CCCCCCCCO[C@@H]1O[C@H](CO)[C@H](O)[C@H](O)[C@H]1O,1.198657087
CCCCCC(CCCC)O[C@@H]1O[C@H](CO)[C@@H](O)[C@H](O)[C@H]1O,1.198657087
CCCCCCSC[C@H](O)[C@@H](O)[C@H](O)CO,1.204119983
CC(C)CCCC(C)CCOC1O[C@H](CO)[C@@H](O)[C@H](O)[C@@H]1O,0.602059991
CCCCCCCCCOC1O[C@H](CO)[C@@H](O)[C@H](O)[C@@H]1O,0.812913357
CCCCCCCCN(CCCNC(=O)[C@@H](O)[C@H](O)[C@@H](O)[C@@H](O)CO)CCN(CCCCCCCC)CCCNC(=O)[C@@H](O)[C@H](O)[C@@H](O)[C@@H](O)CO,-1.173925197
CCCCCCCCOCCCCOCC1OC(O)C(O)C(O)C1O,-0.522878745
CCCCCCCCCCOCCOCCOCCOCCOCCO,-0.091514981
CCCCCCS(=O)CCCCCO,2.255272505
CCCCCCCCCCCCC(O)CCO,-1.886056648
CCCCCCCCCC(=O)N(C)CC(O)C(O)C(OC1OC(CO)C(O)C(O)C1O)C(O)CO,0.51851394
CCCCCCCC/C=C\CCCCCCCC(=O)OC[C@@H](O)[C@H]1OC[C@H](O)[C@H]1O,-1.578396073
CCCCCCCCCCCCCCCCOCCOCCOCCOCCOCCOCCOCCOCCOCCOCCOCCOCCOCCOCCOCCOCCOCCOCCOCCOCCOCCO,-2.408935393
CCCCCCCCCCCCOCCOCCOCCOCCOCCOCCOCCOCCOCCOCCOCCOCCO,-0.850780887
CCCCCCCCSCC(O)C(O)C(O)CO,0.079181246
CCCCCCCCCCOC1O[C@H](CO)[C@@H](O)[C@H](O)[C@@H]1O,0.342422681
CCCCCCS(=O)CCO,2.397940009
CCCCCC(=O)OC[C@H](O)[C@@H](O)[C@H](O)CO,1.0
CCCCCCCCCCCC(=O)O[C@H]1[C@H](O)[C@@H](CO)OC(O)[C@@H]1O,-0.638272164
CCCCCCS(=O)CCCO,2.397940009
CCCCCCCC/C=C/CCCCCCCC(=O)OCC(OC(=O)CCCCCCC/C=C/CCCCCCCC)C1OCC(O)C1OC(=O)CCCCCCC/C=C/CCCCCCCC,-1.943095149
CCCC(CCC)CCOCCOCCOCCOCCOCCOCCO,1.330413773
CCCCCCCCCCCCCCCCOCCOCCOCCOCCOCCOCCOCCOCCOCCOCCOCCOCCO,-2.63921731
CCCCCCCCCCOCCOCCOCCO,-0.220764369
CCCCCCCC(=O)OCC(OCCOCCO)C1OCC(OCCOCCOCCO)C1OCCOCCO,-0.349692477
CCCCCCCCCCOC[C@H](O)[C@@H](O)[C@H](O)CO,-0.092051478
CCCCCCCCC(C)O[C@@H]1O[C@H](CO)[C@@H](O)[C@H](O)[C@H]1O,0.699837726
CCCCCCCCc1ccc(OCCOCCOCCO)cc1,-1.01278077
CCCCCCCCCCCC(O)N(CCOCCOCCOCCOC)CCOCCOCCOCCOC,-0.610833916
CCCCCCCCCCOCCOCCOCCOCCOCCOCCOCCOCCOCCO,0.112269768
CCCCCCCC(=O)OCC(O)C(O)C(OC1OC(CO)C(O)C(O)C1O)C(O)CO,0.439332694
CCCCCCCC(=O)OC[C@H](O)[C@@H](O)[C@H](O)CO,0.643452676
OCCOCCOCCOCCOCCOCCSCCC(F)(F)C(F)(F)C(F)(F)C(F)(F)C(F)(F)C(F)(F)F,0.568201724
CCCCCCCCOC1OC(CO)C(O)C(O)C1O,1.39880773
CCCCCCCCCCCCCC=CC(O)C(CO)NC(C)=O,-2.22184875
CCCCCCCCCCCCCCCC(=O)OCC1OC(O)C(O)C(O)C1OC1OC(CO)C(O)C(O)C1O,-2.019996628
CCCCCCCCOC(CO)CO,0.763427994
CC(C)(C)CC(C)(C)c1ccc(OCCOCCOCCOCCOCCOCCOCCOCCOCCOCCO)cc1,-0.48148606
CCCCCCCCCCCCOCC#CCOCC1OC(O)C(O)C(O)C1O,-1.494850022
CCCCCCCOCC(O)C(O)C(O)CO,0.982271233
CCC(CC)COCCOCCOCCOCCOCCOCCO,1.980003372
CCCCOC[C@H](O)[C@@H](O)[C@H](O)CO,1.762678564
CCCCCCCCS(=O)CCO,1.361727836
CCCCCCCCc1ccc(OCCOCCO)cc1,-1.11577123
CCCCCSCC(O)C(O)C(O)CO,1.662757832
CCCCCCCCCCCC(=O)OCC(O)COCC(O)COCC(O)COCC(O)COCC(O)COCC(O)CO,-1.446116973
CCCCCCCCCCCCCC(O)CCO,-1.88941029
CCCCCCCCOCCOCCOCCOCCOCCOCCO,0.997823081
CCCCCCCC(=O)OCC1OC(O)C(O)C(O)C1OC1OC(CO)C(O)C(O)C1O,0.419955748
CCCCCCCCCCCCC(=O)NCCOCCOCCOCCOCCOCCOCCO,-0.187086643
CCCCCCCCCCCCCCCCCCN(C)C(=O)C(O)C(O)C(OC1OC(CO)C(O)C(O)C1O)C(O)CO,-2.490644359
CC(C)CCCC(C)CCCC(C)CCOC1OC[C@@H](O)[C@H](O)[C@H]1O,-1.995678626
CC(C)CCCC(C)CCOC1O[C@H](CO)[C@@H](O[C@H]2O[C@H](CO)[C@@H](O)[C@H](O)[C@H]2O)[C@H](O)[C@H]1O,0.72427587
CCCCCCCCCCCC(=O)N(C)CC(O)CO,-0.638272164
CCCCCCCCCCCCCC=CC(O)C(CO)NC(=O)CCCCC,-2.30980392
CCCCCCNC(=O)C(O)C(O)C(OC1OC(CO)C(O)C(O)C1O)C(O)CO,1.919078092
CCCCCCCCCC(=O)OCC(O)C(O)C(O)CO,0.278753601
CC(C)CCCC(C)CCCC(C)CCOC1OC[C@H](O)[C@H](O)[C@H]1O,-2.22184875
CCCCCCCC(=O)OCC(OCCOCCOCCO)C1OCC(OCCOCCO)C1OCCOCCO,-0.349692477
CCCCCCCCCCCCOCCCCOCC1OC(O)C(O)C(O)C1O,-1.638272164
CC(C)CCCC(C)CCCC(C)CCOC1O[C@@H](CO)[C@@H](O)[C@H](O)[C@H]1O,-1.473660723
OC[C@H]1O[C@H](O[C@H]2[C@H](O)[C@@H](O)[C@H](OCCCCCCC3CCCCC3)O[C@@H]2CO)[C@H](O)[C@@H](O)[C@@H]1O,-0.250263684
CCCCCCCCCCCCC(=O)N(CCOCCOCCOCCOCCOCCOCCO)CCN(CCOCCOCCOCCOCCOCCOCCO)C(=O)CCCCCCCCCCCC,-1.22184875
CCCCCCCCCCCC(=O)N(C)CC(O)C(O)C(O)CO,-0.443697499
OCCOCCOCCOCCOCCOCCOCCOCCSCCC(F)(F)C(F)(F)C(F)(F)C(F)(F)C(F)(F)C(F)(F)F,0.681241237
CCCCCCCCCCSCC(O)C(O)C(O)CO,-0.397940009
CCCCCCCCCCON(CCOCCOCCOCCOC)CCOCCOCCOCCOC,0.810232518
CCCCCCCCCCCC(=O)OCC(O)C(O)C(OC1OC(CO)C(O)C(O)C1O)C(O)CO,-0.369572125
CC(CCC(=O)N(CCCNC(=O)C(O)C(O)C(O)C(O)CO)CCCNC(=O)C(O)C(O)C(O)C(O)CO)C1CCC2C3CCC4CC(O)CCC4(C)C3CC(O)C12C,0.146128036
CCCCCCOCCOCCOCCOCCOCCO,2.053078443
CCCCCCCC(=O)OCC(OCCOCCOCCOCCOCCOCCOCCOCCOCCOCCO)C1OCC(OCCOCCOCCOCCOCCOCCOCCOCCOCCOCCOCCOCCOCCOCCOCCOCCO)C1OCCOCCOCCOCCOCCOCCOCCOCCOCCOCCOCCOCCOCCOCCO,0.667452953
CCCCCCCCOC1O[C@H](CO)[C@@H](O)[C@H](O)[C@@H]1O,1.397940009
CCCCCCCCCCCCOCCOCCOCCOCCOCCOCCOCCO,-1.088043811
CCCCCCCC(=O)OCC(O)C(O)C(O)CO,1.278753601
CCCCCCCCCCCCOCCOCCOCCOCCOCCOCCOCCOCCOCCO,-1.0
CCCCCCCCCCCCCCCCOCCOCCOCCOCCOCCOCCO,-2.779891912
CCCCCCCCc1cccc(OCCOCCOCCOCCOCCOCCOCCO)c1,-0.600326279
CCCCCCCCc1ccc(OCCOCCOCCOCCOCCOCCO)cc1,-0.677780705
CCCCCCCCCOC[C@H](O)[C@@H](O)[C@H](O)CO,0.322219295
CC(C)(C)CC(C)(C)c1ccc(OCCOCCO)cc1,-0.886056648
CCCCCCCC(=O)OCC(OCCOCCOCCOCCOCCOCCOCCOCCOCCOCCOCCOCCOCCO)C1OCC(OCCOCCOCCOCCOCCOCCOCCOCCOCCOCCOCCOCCOCCO)C1OCCOCCOCCOCCOCCOCCOCCOCCOCCOCCOCCOCCOCCOCCO,0.667452953
CCCCCCCC/C=C\CCCCCCCC(=O)OCC(O)COCC(O)COCC(O)COCC(O)COCC(O)COCC(O)CO,-1.562249437
CCCCCCCCCCCOCCO,-0.519993057
CCCCCCCCCCCCC/C=C/[C@@H](O)[C@@H](N)CO,-3.004364805
CCCCCCCCc1ccc(OCCOCCOCCOCCO)cc1,-0.886056648
CCCCCCCCCCCCNC(=O)C(O)C(O)C(OC1OC(CO)C(O)C(O)C1O)C(O)CO,-0.508638306
CCCCCCCCCCCCN(C)CC(O)OCCOCCOCCOCCO,-0.530177984
CCCCCCCCCCN(C)C(=O)C(O)C(O)C(O)C(O)CO,0.107209969
CCCCOCC(O)C(O)C(O)CO,1.782114148
CC(C)(C)CC(C)(C)c1ccc(OCCOCCOCCOCCOCCO)cc1,-0.823908741
CC(C)CCCC(C)CCCC(C)CCOC1OC[C@@H](O)[C@H](O)[C@@H]1O,-1.517126416
CCCCCCCCCCCC(=O)OCC1OC(O)C(O)C(O)C1OC1OC(CO)C(O)C(O)C1O,-0.369572125
CC(C)CCCC(C)CCCC(C)CCOC1O[C@@H](CO)[C@@H](O[C@H]2O[C@H](CO)[C@H](O)[C@H](O)[C@H]2O)[C@H](O)[C@H]1O,-1.707743929
CCCCCCCCc1cccc(OCCOCCO)c1,-1.119758224
CCCCCCCCCCCC(=O)OCC1OC(OCC2OC(OCC3OC(OC4(CO)OC(CO)C(O)C4O)C(O)C(O)C3O)C(O)C(O)C2O)C(O)C(O)C1O,0.361727836
CC(C)(C)CC(C)(C)c1ccc(OCCOCCOCCO)cc1,-1.013228266
CCCCCCCC(CC)OC1OC(CO)C(O)C(O)C1O,0.929418926
CCCCCCCC(=O)NC1OC(CO)C(O)C(O)C1O,1.84509804
CCCCCCCCCCCCCCCCCC(=O)OCC(O)COCC(O)COCC(O)COCC(O)CO,-1.649751982
CCCCCCCCCC(=O)N(C)CC(O)C(O)C(O)C(O)CO,0.813233062
CCCCCCCCCOCC(O)C(O)C(O)CO,0.311753861
CCCCCCCCc1cccc(OCCOCCOCCOCCO)c1,-0.88941029
CC(C)(C)CC(C)(C)c1ccc(OCCOCCOCCOCCOCCOCCO)cc1,-0.677780705
CCCCCCCCCCCCCCCCN(C)C(=O)C(O)C(O)C(OC1OC(CO)C(O)C(O)C1O)C(O)CO,-2.015472686
CCCCCCCCc1cccc(OCCOCCOCCOCCOCCOCCOCCOCCO)c1,-0.549750892
OCCOCCOCCSCCC(F)(F)C(F)(F)C(F)(F)C(F)(F)C(F)(F)C(F)(F)F,0.397940009
CCCCCCCCCCCCNC(C)C(O)OCCOCCOCCOCCO,-0.410050399
CC(C)CCCC(C)CCOC1OC(CO)C(OC2OC(CO)C(O)C(O)C2O)C(O)C1O,0.72427587
CC(C)CCCC(C)CCCC(C)CCOC1O[C@H](CO)[C@@H](O)[C@H](O)[C@@H]1O,-2.387216143
CCCCCCCCc1cccc(OCCOCCOCCO)c1,-1.010105436
CCCCOCCO,2.989894564
CCCCCCCCCCCCCCCCOCCOCCOCCOCCOCCOCCOCCOCCOCCO,-2.678815973
CCCCCCCC(=O)OCC(OCCOCCOCCOCCOCCOCCOCCOCCOCCOCCOCCOCCOCCO)C1OCC(OCCOCCOCCOCCOCCOCCOCCOCCOCCOCCOCCOCCOCCOCCOCCOCCO)C1OCCOCCOCCOCCOCCOCCOCCOCCOCCOCCOCCO,0.667452953
CCCCCSC[C@H](O)[C@@H](O)[C@H](O)CO,1.662757832
CCCCCCCCCCCCC(=O)NCCOCCOCCOCCOCCOCCOCCOCCOCCOCCO,-0.124938737
CCCCCCCCCCCC(=O)OC[C@@H](O)[C@H]1OC[C@H](O)[C@H]1O,-1.440093375
CCCCCCCCc1ccc(OCCOCCOCCOCCOCCOCCOCCOCCOCCOCCO)cc1,-0.48148606
CCCCCCCCOC[C@H](O)[C@@H](O)[C@H](O)CO,0.826074803
CCCCCCOCCOCCOCCO,2.0
CCCCCCCCCCCC(=O)OCC1OC(OCC2OC(OC3(CO)OC(CO)C(O)C3O)C(O)C(O)C2O)C(O)C(O)C1O,-0.022276395
CCCCCCCCCCCCOCCOCCOCCOCCOCCOCCO,-1.060231224
CCCCCCCCCCCC(=O)OCC1(OC2OC(CO)C(O)C(O)C2O)OC(O)C(O)C1O,-0.469800302
CCCCCCCCCCCCN(C)C(=O)C(O)C(O)C(O)C(O)CO,-0.8261012
CCCCCCCCCCCCCOCCOCCOCCOCCOCCOCCOCCOCCO,-1.569441231
CCCCCCCC/C=C\CCCCCCCC(=O)OCC(O)COCC(O)COCC(O)COCC(O)COCC(O)COCC(O)COCC(O)COCC(O)COCC(O)COCC(O)CO,-1.675717545
CCCCCCCCC=CCCCCCCCCOC1OC(CO)C(OC2OC(CO)C(OC3OC(CO)C(O)C(O)C3O)C(O)C2O)C(O)C1O,-1.37675071
CCCCCCCCCCCC(=O)OCC(O)COCC(O)COCC(O)COCC(O)COCC(O)COCC(O)COCC(O)COCC(O)COCC(O)COCC(O)CO,-1.549750892
CCCCCCCCCCO[C@H]1O[C@H](CO)[C@@H](O)[C@H](O)[C@@H]1O,-0.600326279
CCCCCCCC(=O)O[C@H]1[C@H](O)[C@@H](CO)OC(O)[C@@H]1O,0.204119983
CCCCCCCCCCCCCCCCN(CC(O)CO)CC(O)CO,-1.568636236
CCCCCCCCc1ccc(OCCOCCOCCOCCOCCOCCOCCO)cc1,-0.602059991
CCCCCCCCCCCC(=O)OCC(O)COCC(O)COCC(O)COCC(O)CO,-1.402304814
CCCCSCC(O)C(O)C(O)CO,2.255272505
CCCCCCCCCCCCCCOCCOCCOCCOCCOCCOCCO,-2.0
CCCCCCCCCCCOC[C@H](O)[C@@H](O)[C@H](O)CO,-0.522878745
CCCCCCCCCCCCOc1ccc(OCC2OC(O)C(O)C(O)C2O)cc1,0.491361694
CCCCCCCCCCCC(=O)OCC1OC(OC2C(CO)OC(O)C(O)C2O)C(O)C(O)C1O,-0.48148606
CC(CCC(=O)N(CCCNC(=O)C(O)C(O)C(O)C(O)CO)CCCNC(=O)C(O)C(O)C(O)C(O)CO)C1CCC2C3C(O)CC4CC(O)CCC4(C)C3CC(O)C12C,0.462397998
CCCCC(=O)OC[C@H](O)[C@@H](O)[C@H](O)CO,1.762678564
CCCCCCCCc1cccc(OCCO)c1,-1.30980392
CCCCCCCC(=O)NC1C(O)OC(CO)C(O)C1O,1.653212514
CCCCCCCCS(=O)CCCCO,1.301029996
CCCCCCCCc1ccc(OCCOCCOCCOCCOCCOCCOCCOCCO)cc1,-0.552841969
CCCCCCCCCCCCOCCOCCO,-1.480828536
CCCCCCCCCCO[C@@H]1O[C@H](CO)[C@H](O)[C@H](O)[C@H]1O,-0.100179498
CCCCCCCCCCOCCOCCOCCOCCOCCOCCOCCOCCO,0.0
CC(C)CCCC(C)CCCC(C)CCOC1OC(CO)C(O)C(O)C1O,-1.669586227
CCCCCCCOC[C@H](O)[C@@H](O)[C@H](O)CO,0.963787827
CCCC(CCC)COCCOCCOCCOCCOCCOCCO,1.330413773
CCCCCCS(=O)CCCCO,2.322219295
CCCCCCCCCCCCCCOCCOCCOCCOCCOCCOCCOCCOCCO,-2.04793441
CCCCCCOCCOCCOCCOCCOCCOCCO,1.840106094
CCCCCCCCOCCOCCOCCOCCO,0.903089987
CCCCCCCCC=CCCCCCCCCN(C)C(=O)C(O)C(O)C(O)C(O)CO,-1.494850022
CCCCCCCCOCCO,0.69019608
CCCCCCCCC(=O)N(C)CC(O)C(O)C(O)C(O)CO,1.311251729
CCCCCCCCCOC1OC(CO)C(O)C(O)C1O,0.838849091
CCCCCCCCCCCCCCCCOCCOCCOCCOCCOCCOCCOCCOCCOCCOCCOCCOCCOCCOCCOCCO,-2.508638306
CCCCCCCCCCCCC(=O)NCCOCCOCCOCCO,-0.292429824
CC(C)CCCC(C)CCCC(C)CCOC1O[C@H](CO)[C@@H](O[C@H]2O[C@H](CO)[C@@H](O)[C@H](O)[C@H]2O)[C@H](O)[C@H]1O,-1.525783736
CCCCCCCCC=CCCCCCCCC(=O)OC1(OC2(CO)OC(CO)C(O)C2O)OC(CO)C(O)C(O)C1O,-2.292429824
CCCCCCCC/C=C\CCCCCCCCN(C)C(=O)C(O)C(O)C(OC1OC(CO)C(O)C(O)C1O)C(O)CO,-1.300000003
CCCCCCCCOCC(O)CO,0.761551989
CCCCCCCCCCCCNCC(O)OCCOCCOCCOCCO,-0.469800302
CCCCCCCCOCCOCCOCCOCCOCCO,0.959041392
CCCCCCCCC(C)OC1OC(CO)C(O)C(O)C1O,0.653212514
CCCCCCCCN(CCCNC(=O)[C@H](O)[C@@H](O)[C@H](OC1OC(CO)C(O)C(O)C1O)[C@H](O)CO)CCN(CCCCCCCC)CCCNC(=O)[C@H](O)[C@@H](O)[C@H](OC1OC(CO)C(O)C(O)C1O)[C@H](O)CO,-0.886056648
CCCCCCCCCCCCCCCCCC(=O)O[C@H]1[C@H](O)[C@@H](CO)OC(O)[C@@H]1O,-0.698970004
CCCCCCCCCCCCCCCC(=O)OCC(O)C(O)C(OC1OC(CO)C(O)C(O)C1O)C(O)CO,-2.119758224
CCCCCCCCO[C@H]1O[C@H](CO)[C@@H](O)[C@H](O)[C@@H]1O,0.800029359
CCCCCCOCC(O)C(O)C(O)CO,0.986771734
CCCCCCCC(=O)OCC(OCCOCCOCCOCCO)C1OCC(OCCOCCOCCOCCOCCOCCOCCO)C1OCCOCCOCCOCCO,-0.286509457
CC(C)CCCC(C)CCCC(C)CCOC1OC[C@@H](O)[C@@H](O)[C@@H]1O,-2.431798276
CCCCSC[C@H](O)[C@@H](O)[C@H](O)CO,2.255272505
CCCCCCSC1OC(=O)C(O)C1O,0.826074803
CCCCCCCCCCCC(=O)N(C)CC(O)C(O)C(OC1OC(CO)C(O)C(O)C1O)C(O)CO,-0.346787486
CCCCCCCCOC1OC(CO)C(O)C(O)C1N,1.381115081
CCCCCCCCOCC#CCOCC1OC(O)C(O)C(O)C1O,-1.22184875
CCCCCCCCSC1O[C@H](CO)[C@@H](O)[C@H](O)[C@H]1O,0.92890769
CCCCCCCCCCCCOC1OC(CO)C(O)C(O)C1O,-0.72010502
CCCCCCOCCOCCOCCOCCO,2.025305865
CCCCCCCC/C=C\CCCCCCCCN(C)C(=O)C(O)C(O)C(O)C(O)CO,-1.499999995
CCCCCCCCCCCCC/C=C/[C@@H](O)[C@H](CO)NC(=O)CCCCC,-2.302770657
CC(C)CCCC(C)CCOC1OC(CO)C(O)C(O)C1O,0.602059991
CCCCCCC(CCC)O[C@@H]1O[C@H](CO)[C@@H](O)[C@H](O)[C@H]1O,1.100370545
CCCCCCCCCCS(=O)CCO,0.204119983
CCCCCCCC(CC)O[C@@H]1O[C@H](CO)[C@@H](O)[C@H](O)[C@H]1O,0.899820502
